{
  "best_power_MW": 72.99232513400963,
  "baseline_power_MW": 63.49215960721868,
  "power_increase_pct": 14.962738053897978,
  "final_loss": -1.1496273805389798,
  "N_turbines": 80,
  "timestamp": "2026-03-16 10:15:03",
  "optimizer": "bayes-jax",
  "maxiter": 200,
  "patience": 10,
  "min_delta": 1e-06,
  "seed": 0,
  "acq": "EI",
  "num_init_evals": 240,
  "float64": true,
  "gamma_min": 0.0,
  "gamma_max": 25.0,
  "diameter": 80.0,
  "dtype": "float64",
  "elapsed_time": 71.6824746131897,
  "lcb_kappa": 2.576,
  "ucb_kappa": 0.01
}