{
  "best_power_MW": 39.707903555481781,
  "N_turbines": 40,
  "timestamp": "2026-03-06 12:48:19",
  "optimizer": "serial-refine-jax",
  "baseline_power_MW": 38.922094635656585,
  "power_increase_pct": 2.018927622423783,
  "Nyaw": 5,
  "Nyaw_refine": 4,
  "float64": true,
  "gamma_min": 0.0,
  "gamma_max": 25.0,
  "dtype": "float64",
  "elapsed_time": 2.758521795272827
}