{
  "best_power_MW": 94.67587442365746,
  "baseline_power_MW": 91.83828464893821,
  "power_increase_pct": 3.08976783001364,
  "final_loss": -1.0308976783001365,
  "N_turbines": 90,
  "timestamp": "2026-03-06 09:34:13",
  "optimizer": "slsqp-jax",
  "restarts": 3,
  "maxiter": 200,
  "patience": 200,
  "min_delta": 1e-06,
  "seed": 0,
  "float64": true,
  "gamma_min": 0.0,
  "gamma_max": 25.0,
  "diameter": 80.0,
  "dtype": "float64",
  "elapsed_time": 77.45649838447571,
  "init_mode": "lhs"
}