{
  "best_power_MW": 4.051084065635554,
  "final_loss": -4.051084065635554,
  "final_sep_penalty": 3.5752200517156143,
  "N_turbines": 3,
  "timestamp": "2026-02-25 12:16:03",
  "optimizer": "slsqp-jax",
  "restarts": 3,
  "maxiter": 100,
  "patience": 10,
  "min_delta": 0.0001,
  "seed": 0,
  "float64": true,
  "penalty_weight": 100.0,
  "gamma_min": 0.0,
  "gamma_max": 25.0,
  "diameter": 80.0,
  "dtype": "float64",
  "elapsed_time": 7.328618764877319,
  "init_mode": "lhs"
}