{
  "best_power_MW": 261.8282237702618,
  "N_turbines": 260,
  "timestamp": "2026-03-06 13:02:00",
  "optimizer": "serial-refine-jax",
  "baseline_power_MW": 245.6167249733987,
  "power_increase_pct": 6.600323654107372,
  "Nyaw": 5,
  "Nyaw_refine": 4,
  "float64": true,
  "gamma_min": 0.0,
  "gamma_max": 25.0,
  "dtype": "float64",
  "elapsed_time": 98.06498146057129
}