{
  "best_power_MW": 60.14974437956021,
  "baseline_power_MW": 59.17746826006574,
  "power_increase_pct": 1.6429836356324612,
  "final_loss": -1.0164298363563247,
  "N_turbines": 60,
  "timestamp": "2026-03-06 09:31:44",
  "optimizer": "slsqp-jax",
  "restarts": 3,
  "maxiter": 200,
  "patience": 200,
  "min_delta": 1e-06,
  "seed": 0,
  "float64": true,
  "gamma_min": 0.0,
  "gamma_max": 25.0,
  "diameter": 80.0,
  "dtype": "float64",
  "elapsed_time": 20.741894721984863,
  "init_mode": "lhs"
}