{
  "best_power_MW": 115.51668963691716,
  "N_turbines": 110,
  "timestamp": "2026-03-06 12:49:22",
  "optimizer": "serial-refine-jax",
  "baseline_power_MW": 111.2577313926974,
  "power_increase_pct": 3.8280110432840573,
  "Nyaw": 5,
  "Nyaw_refine": 4,
  "float64": true,
  "gamma_min": 0.0,
  "gamma_max": 25.0,
  "dtype": "float64",
  "elapsed_time": 12.766810417175293
}