{
  "best_power_MW": 149.12075551496417,
  "final_loss": -149.12075551496417,
  "final_sep_penalty": 94.72482977222616,
  "N_turbines": 80,
  "timestamp": "2026-02-25 19:25:19",
  "optimizer": "slsqp-jax",
  "restarts": 10,
  "maxiter": 500,
  "patience": 10,
  "min_delta": 1e-06,
  "seed": 0,
  "float64": true,
  "penalty_weight": 100.0,
  "gamma_min": 0.0,
  "gamma_max": 25.0,
  "diameter": 80.0,
  "dtype": "float64",
  "elapsed_time": 130.92586541175842,
  "init_mode": "lhs"
}