{
  "best_power_MW": 32.611473521199024,
  "N_turbines": 30,
  "timestamp": "2026-03-09 16:59:51",
  "optimizer": "serial-refine-jax",
  "baseline_power_MW": 31.868702106726218,
  "power_increase_pct": 2.330723767743388,
  "Nyaw": 5,
  "Nyaw_refine": 4,
  "float64": true,
  "gamma_min": 0.0,
  "gamma_max": 25.0,
  "dtype": "float64",
  "elapsed_time": 1.5538661479949951
}