{
  "best_power_MW": 75.27871185247156,
  "baseline_power_MW": 63.49215960721868,
  "power_increase_pct": 18.563791684151216,
  "final_loss": -1.185637916841512,
  "N_turbines": 80,
  "timestamp": "2026-03-18 11:01:25",
  "optimizer": "slsqp-jax",
  "restarts": 1,
  "maxiter": 130,
  "patience": 130,
  "min_delta": 1e-06,
  "seed": 0,
  "float64": true,
  "gamma_min": 0.0,
  "gamma_max": 25.0,
  "diameter": 80.0,
  "dtype": "float64",
  "elapsed_time": 91.08300280570984,
  "init_mode": "lhs"
}