{
  "best_power_MW": 5.572667336185914,
  "final_loss": -5.572667336185914,
  "N_turbines": 3,
  "timestamp": "2026-03-02 15:44:58",
  "optimizer": "bayes-jax",
  "maxiter": 200,
  "patience": 10,
  "min_delta": 0.0001,
  "seed": 0,
  "float64": true,
  "gamma_min": 0.0,
  "gamma_max": 25.0,
  "diameter": 80.0,
  "dtype": "float64",
  "elapsed_time": 3.3115077018737793
}