{
  "best_power_MW": 3.944251211615644,
  "final_loss": -3.944251211615644,
  "final_sep_penalty": 2.383474312553853,
  "N_turbines": 2,
  "timestamp": "2026-02-25 14:00:21",
  "optimizer": "slsqp-jax",
  "restarts": 1,
  "maxiter": 100,
  "patience": 10,
  "min_delta": 0.0001,
  "seed": 0,
  "float64": true,
  "penalty_weight": 100.0,
  "gamma_min": 0.0,
  "gamma_max": 25.0,
  "diameter": 80.0,
  "dtype": "float64",
  "elapsed_time": 16.054994344711304,
  "init_mode": "lhs"
}