{
  "best_power_MW": 73.01895371855788,
  "baseline_power_MW": 63.49215960721868,
  "power_increase_pct": 15.004678011072189,
  "final_loss": -1.150046780110722,
  "N_turbines": 80,
  "timestamp": "2026-03-16 10:36:09",
  "optimizer": "bayes-jax",
  "maxiter": 200,
  "patience": 200,
  "min_delta": 1e-06,
  "seed": 0,
  "acq": "EI",
  "num_init_evals": 240,
  "float64": true,
  "gamma_min": 0.0,
  "gamma_max": 25.0,
  "diameter": 80.0,
  "dtype": "float64",
  "elapsed_time": 1243.075530052185,
  "lcb_kappa": 2.576,
  "ucb_kappa": 0.01
}