{
  "best_power_MW": 47.36693247678841,
  "final_loss": -47.36693247678841,
  "final_sep_penalty": 30.81031885654013,
  "N_turbines": 26,
  "timestamp": "2026-02-25 19:22:01",
  "optimizer": "slsqp-jax",
  "restarts": 10,
  "maxiter": 500,
  "patience": 10,
  "min_delta": 1e-06,
  "seed": 0,
  "float64": true,
  "penalty_weight": 100.0,
  "gamma_min": 0.0,
  "gamma_max": 25.0,
  "diameter": 80.0,
  "dtype": "float64",
  "elapsed_time": 20.771280765533447,
  "init_mode": "lhs"
}