{
  "best_power_MW": 163.419339676549,
  "N_turbines": 160,
  "timestamp": "2026-03-06 12:51:27",
  "optimizer": "serial-refine-jax",
  "baseline_power_MW": 154.0522272486965,
  "power_increase_pct": 6.080478416407793,
  "Nyaw": 5,
  "Nyaw_refine": 4,
  "float64": true,
  "gamma_min": 0.0,
  "gamma_max": 25.0,
  "dtype": "float64",
  "elapsed_time": 31.562908172607422
}