{
  "best_power_MW": 74.81317529743914,
  "baseline_power_MW": 63.49215960721868,
  "power_increase_pct": 17.83057271993207,
  "final_loss": -1.1783057271993207,
  "N_turbines": 80,
  "timestamp": "2026-03-18 11:31:29",
  "optimizer": "slsqp-jax",
  "restarts": 1,
  "maxiter": 130,
  "patience": 130,
  "min_delta": 1e-06,
  "seed": 0,
  "float64": true,
  "gamma_min": 0.0,
  "gamma_max": 25.0,
  "diameter": 80.0,
  "dtype": "float64",
  "elapsed_time": 84.15292000770569,
  "init_mode": "lhs"
}