{
  "best_power_MW": 3.9441886081580892,
  "final_loss": -3.9441886081580892,
  "final_sep_penalty": 2.3812131737767754,
  "N_turbines": 2,
  "timestamp": "2026-02-25 19:14:19",
  "optimizer": "slsqp-jax",
  "restarts": 2,
  "maxiter": 100,
  "patience": 10,
  "min_delta": 1e-12,
  "seed": 0,
  "float64": true,
  "penalty_weight": 100.0,
  "gamma_min": 0.0,
  "gamma_max": 25.0,
  "diameter": 80.0,
  "dtype": "float64",
  "elapsed_time": 8.406601428985596,
  "init_mode": "lhs"
}