{
  "best_power_MW": 125.66134420481484,
  "N_turbines": 120,
  "timestamp": "2026-03-06 12:49:40",
  "optimizer": "serial-refine-jax",
  "baseline_power_MW": 121.76705067795147,
  "power_increase_pct": 3.198150489135983,
  "Nyaw": 5,
  "Nyaw_refine": 4,
  "float64": true,
  "gamma_min": 0.0,
  "gamma_max": 25.0,
  "dtype": "float64",
  "elapsed_time": 15.191555976867676
}