{
  "best_power_MW": 5.1672321871962605,
  "final_loss": -5.1672321871962605,
  "final_sep_penalty": 3.540174077519595,
  "N_turbines": 3,
  "timestamp": "2026-02-19 01:05:41",
  "optimizer": "optax.lbfgs+sw_zoom",
  "restarts": 30,
  "maxiter": 100,
  "patience": 100,
  "min_delta": 1e-10,
  "seed": 0,
  "float64": true,
  "penalty_weight": 100.0,
  "gamma_min": 0.0,
  "gamma_max": 25.0,
  "diameter": 80.0,
  "dtype": "float64",
  "elapsed_time": 14.868017673492432,
  "init_mode": "lhs"
}