{
  "best_power_MW": 10.556564745213493,
  "baseline_power_MW": 10.531720707286333,
  "power_increase_pct": 0.235897234817213,
  "final_loss": -1.0023589723481721,
  "N_turbines": 10,
  "timestamp": "2026-03-06 09:29:44",
  "optimizer": "slsqp-jax",
  "restarts": 3,
  "maxiter": 200,
  "patience": 200,
  "min_delta": 1e-06,
  "seed": 0,
  "float64": true,
  "gamma_min": 0.0,
  "gamma_max": 25.0,
  "diameter": 80.0,
  "dtype": "float64",
  "elapsed_time": 8.745830297470093,
  "init_mode": "lhs"
}