{
  "best_power_MW": 22.016616603026282,
  "N_turbines": 20,
  "timestamp": "2026-03-04 14:38:24",
  "optimizer": "serial-refine-jax",
  "baseline_power_MW": 21.42526843570551,
  "power_increase_pct": 2.7600502140513696,
  "Nyaw": 5,
  "Nyaw_refine": 4,
  "float64": true,
  "gamma_min": 0.0,
  "gamma_max": 25.0,
  "dtype": "float64",
  "elapsed_time": 0.06685805320739746
}