{
  "best_power_MW": 5.167232187000112,
  "final_loss": -5.167232187000112,
  "final_sep_penalty": 3.5401740775176336,
  "N_turbines": 3,
  "timestamp": "2026-02-19 01:06:27",
  "optimizer": "optax.lbfgs+sw_zoom",
  "restarts": 10,
  "maxiter": 100,
  "patience": 100,
  "min_delta": 1e-10,
  "seed": 0,
  "float64": true,
  "penalty_weight": 100.0,
  "gamma_min": 0.0,
  "gamma_max": 25.0,
  "diameter": 80.0,
  "dtype": "float64",
  "elapsed_time": 12.55463194847107,
  "init_mode": "lhs"
}