{
  "best_power_MW": 80.20544751013822,
  "N_turbines": 80,
  "timestamp": "2026-03-06 12:48:46",
  "optimizer": "serial-refine-jax",
  "baseline_power_MW": 78.08422044219864,
  "power_increase_pct": 2.716588647394906,
  "Nyaw": 5,
  "Nyaw_refine": 4,
  "float64": true,
  "gamma_min": 0.0,
  "gamma_max": 25.0,
  "dtype": "float64",
  "elapsed_time": 6.069742441177368
}