{
  "best_power_MW": 17.39427031362274,
  "N_turbines": 9,
  "timestamp": "2026-02-27 14:50:22",
  "optimizer": "serial-refine-jax",
  "Nyaw": 5,
  "Nyaw_refine": 4,
  "float64": true,
  "gamma_min": 0.0,
  "gamma_max": 25.0,
  "dtype": "float64",
  "elapsed_time": 0.0010175704956054688
}