{
  "best_power_MW": 5.290209014150464,
  "final_loss": -5.290209014150464,
  "final_sep_penalty": 3.5448366594267213,
  "N_turbines": 3,
  "timestamp": "2026-02-19 11:28:04",
  "optimizer": "optax.lbfgs+sw_zoom",
  "restarts": 2,
  "maxiter": 100,
  "patience": 20,
  "min_delta": 1e-07,
  "seed": 532,
  "float64": true,
  "penalty_weight": 9.0,
  "gamma_min": 0.0,
  "gamma_max": 25.0,
  "diameter": 80.0,
  "dtype": "float64",
  "elapsed_time": 15.969712495803833,
  "init_mode": "lhs"
}