{
  "best_power_MW": 10.643886799709044,
  "baseline_power_MW": 10.531720707286333,
  "power_increase_pct": 1.0650310195285542,
  "final_loss": -10.643886799709044,
  "N_turbines": 10,
  "timestamp": "2026-03-04 14:49:53",
  "optimizer": "bayes-jax",
  "maxiter": 200,
  "patience": 200,
  "min_delta": 1e-06,
  "seed": 0,
  "acq": "LCB",
  "num_init_evals": 30,
  "float64": true,
  "gamma_min": 0.0,
  "gamma_max": 25.0,
  "diameter": 80.0,
  "dtype": "float64",
  "elapsed_time": 89.46049618721008,
  "lcb_kappa": 2.576,
  "ucb_kappa": 0.01
}