{
  "best_power_MW": 183.14289408442718,
  "N_turbines": 180,
  "timestamp": "2026-03-06 12:52:44",
  "optimizer": "serial-refine-jax",
  "baseline_power_MW": 173.1908570241025,
  "power_increase_pct": 5.746283164901524,
  "Nyaw": 5,
  "Nyaw_refine": 4,
  "float64": true,
  "gamma_min": 0.0,
  "gamma_max": 25.0,
  "dtype": "float64",
  "elapsed_time": 38.894299030303955
}