{
  "best_power_MW": 16.79282625875731,
  "final_loss": -16.79282625875731,
  "final_sep_penalty": 0.9876409338682527,
  "N_turbines": 9,
  "timestamp": "2026-02-22 13:10:10",
  "optimizer": "optax.lbfgs+sw_zoom",
  "restarts": 5,
  "maxiter": 100,
  "patience": 10,
  "min_delta": 1e-07,
  "seed": 0,
  "float64": true,
  "penalty_weight": 1.5,
  "gamma_min": 0.0,
  "gamma_max": 25.0,
  "diameter": 80.0,
  "dtype": "float64",
  "elapsed_time": 11.989808559417725,
  "init_mode": "lhs"
}