{
  "best_power_MW": 206.68069070283826,
  "N_turbines": 200,
  "timestamp": "2026-03-06 12:54:15",
  "optimizer": "serial-refine-jax",
  "baseline_power_MW": 197.4611560479841,
  "power_increase_pct": 4.669037110576706,
  "Nyaw": 5,
  "Nyaw_refine": 4,
  "float64": true,
  "gamma_min": 0.0,
  "gamma_max": 25.0,
  "dtype": "float64",
  "elapsed_time": 45.6425998210907
}