{
  "best_power_MW": 78.96374194633108,
  "baseline_power_MW": 78.08422044219864,
  "power_increase_pct": 1.1263754688868302,
  "final_loss": -78.96374194633108,
  "N_turbines": 80,
  "timestamp": "2026-03-04 16:02:37",
  "optimizer": "bayes-jax",
  "maxiter": 200,
  "patience": 200,
  "min_delta": 1e-06,
  "seed": 0,
  "acq": "LCB",
  "num_init_evals": 240,
  "float64": true,
  "gamma_min": 0.0,
  "gamma_max": 25.0,
  "diameter": 80.0,
  "dtype": "float64",
  "elapsed_time": 1225.0392162799835,
  "lcb_kappa": 2.576,
  "ucb_kappa": 0.01
}