{
  "best_power_MW": 16.769647767279253,
  "N_turbines": 9,
  "timestamp": "2026-02-26 18:10:08",
  "optimizer": "serial-refine-jax",
  "Nyaw": 11,
  "Nyaw_refine": 8,
  "float64": true,
  "gamma_min": 30.0,
  "gamma_max": 30.0,
  "dtype": "float64",
  "elapsed_time": 0.011527299880981445
}