{
  "best_power_MW": 75.64229188264223,
  "final_loss": -75.64229188264223,
  "N_turbines": 80,
  "timestamp": "2026-03-03 11:29:13",
  "optimizer": "slsqp-jax",
  "restarts": 3,
  "maxiter": 300,
  "patience": 300,
  "min_delta": 0.0001,
  "seed": 0,
  "float64": true,
  "gamma_min": 0.0,
  "gamma_max": 25.0,
  "diameter": 80.0,
  "dtype": "float64",
  "elapsed_time": 154.87990307807922,
  "init_mode": "lhs"
}