{
  "best_power_MW": 305.85104318038606,
  "N_turbines": 300,
  "timestamp": "2026-03-06 13:13:20",
  "optimizer": "serial-refine-jax",
  "baseline_power_MW": 289.79996809938814,
  "power_increase_pct": 5.538673860548229,
  "Nyaw": 5,
  "Nyaw_refine": 4,
  "float64": true,
  "gamma_min": 0.0,
  "gamma_max": 25.0,
  "dtype": "float64",
  "elapsed_time": 154.67400479316711
}