{
  "best_power_MW": 31.868702106726218,
  "baseline_power_MW": 31.868702106726218,
  "power_increase_pct": 0.0,
  "final_loss": -31.868702106726218,
  "N_turbines": 30,
  "timestamp": "2026-03-04 14:42:04",
  "optimizer": "slsqp-jax",
  "restarts": 3,
  "maxiter": 200,
  "patience": 200,
  "min_delta": 1e-06,
  "seed": 0,
  "float64": true,
  "gamma_min": 0.0,
  "gamma_max": 25.0,
  "diameter": 80.0,
  "dtype": "float64",
  "elapsed_time": 11.385197162628174,
  "init_mode": "lhs"
}