{
  "best_power_MW": 100.00138180081339,
  "baseline_power_MW": 99.99912903398553,
  "power_increase_pct": 0.002252786448869919,
  "final_loss": -1.0000225278644888,
  "N_turbines": 100,
  "timestamp": "2026-03-06 17:03:20",
  "optimizer": "bayes-jax",
  "maxiter": 200,
  "patience": 200,
  "min_delta": 1e-06,
  "seed": 0,
  "acq": "LCB",
  "num_init_evals": 300,
  "float64": true,
  "gamma_min": 0.0,
  "gamma_max": 25.0,
  "diameter": 80.0,
  "dtype": "float64",
  "elapsed_time": 2243.5083940029144,
  "lcb_kappa": 2.576,
  "ucb_kappa": 0.01
}