{
  "best_power_MW": 75.66445476288254,
  "baseline_power_MW": 63.492160278290314,
  "power_increase_pct": 19.171334588774837,
  "final_loss": -1.1917133458877485,
  "N_turbines": 80,
  "timestamp": "2026-03-09 17:34:50",
  "optimizer": "slsqp-jax",
  "restarts": 3,
  "maxiter": 200,
  "patience": 200,
  "min_delta": 1e-06,
  "seed": 0,
  "float64": true,
  "gamma_min": 0.0,
  "gamma_max": 25.0,
  "diameter": 80.0,
  "dtype": "float64",
  "elapsed_time": 242.36467814445496,
  "init_mode": "lhs"
}