{
  "best_power_MW": 31.625623732032903,
  "baseline_power_MW": 31.868702106726218,
  "power_increase_pct": -0.7627495273552762,
  "final_loss": -31.625623732032903,
  "N_turbines": 30,
  "timestamp": "2026-03-04 14:56:39",
  "optimizer": "bayes-jax",
  "maxiter": 200,
  "patience": 200,
  "min_delta": 1e-06,
  "seed": 0,
  "acq": "LCB",
  "num_init_evals": 90,
  "float64": true,
  "gamma_min": 0.0,
  "gamma_max": 25.0,
  "diameter": 80.0,
  "dtype": "float64",
  "elapsed_time": 256.040714263916,
  "lcb_kappa": 2.576,
  "ucb_kappa": 0.01
}