{
  "best_power_MW": 92.80846575793076,
  "baseline_power_MW": 91.83828464893821,
  "power_increase_pct": 1.0564016005973662,
  "final_loss": -1.0105640160059737,
  "N_turbines": 90,
  "timestamp": "2026-03-06 16:25:43",
  "optimizer": "bayes-jax",
  "maxiter": 200,
  "patience": 200,
  "min_delta": 1e-06,
  "seed": 0,
  "acq": "LCB",
  "num_init_evals": 270,
  "float64": true,
  "gamma_min": 0.0,
  "gamma_max": 25.0,
  "diameter": 80.0,
  "dtype": "float64",
  "elapsed_time": 1692.3821980953217,
  "lcb_kappa": 2.576,
  "ucb_kappa": 0.01
}