{
  "best_power_MW": 99.99912903398553,
  "baseline_power_MW": 99.99912903398553,
  "power_increase_pct": 0.0,
  "final_loss": -99.99912903398553,
  "N_turbines": 100,
  "timestamp": "2026-03-04 14:46:06",
  "optimizer": "slsqp-jax",
  "restarts": 3,
  "maxiter": 200,
  "patience": 200,
  "min_delta": 1e-06,
  "seed": 0,
  "float64": true,
  "gamma_min": 0.0,
  "gamma_max": 25.0,
  "diameter": 80.0,
  "dtype": "float64",
  "elapsed_time": 40.94916796684265,
  "init_mode": "lhs"
}