{
  "best_power_MW": 103.58584045550491,
  "N_turbines": 100,
  "timestamp": "2026-03-04 14:39:32",
  "optimizer": "serial-refine-jax",
  "baseline_power_MW": 99.99912903398553,
  "power_increase_pct": 3.586742660828985,
  "Nyaw": 5,
  "Nyaw_refine": 4,
  "float64": true,
  "gamma_min": 0.0,
  "gamma_max": 25.0,
  "dtype": "float64",
  "elapsed_time": 7.147961854934692
}