{
  "best_power_MW": 102.18585264902911,
  "N_turbines": 100,
  "timestamp": "2026-03-06 12:49:08",
  "optimizer": "serial-refine-jax",
  "baseline_power_MW": 99.99912903398553,
  "power_increase_pct": 2.186742660828985,
  "Nyaw": 5,
  "Nyaw_refine": 4,
  "float64": true,
  "gamma_min": 0.0,
  "gamma_max": 25.0,
  "dtype": "float64",
  "elapsed_time": 10.040550947189331
}