{
  "best_power_MW": 5.344695637787955,
  "final_loss": -5.344695637787955,
  "final_sep_penalty": 3.568482200256951,
  "N_turbines": 3,
  "timestamp": "2026-02-22 16:01:35",
  "optimizer": "slsqp-jax",
  "restarts": 5,
  "maxiter": 100,
  "patience": 10,
  "min_delta": 1e-07,
  "seed": 0,
  "float64": true,
  "penalty_weight": 100.0,
  "gamma_min": 0.0,
  "gamma_max": 25.0,
  "diameter": 80.0,
  "dtype": "float64",
  "elapsed_time": 7.722121953964233,
  "init_mode": "lhs"
}