{
  "best_power_MW": 71.78991114073419,
  "baseline_power_MW": 63.49215960721868,
  "power_increase_pct": 13.06893888134828,
  "final_loss": -1.1306893888134828,
  "N_turbines": 80,
  "timestamp": "2026-03-18 10:54:49",
  "optimizer": "slsqp-jax",
  "restarts": 1,
  "maxiter": 130,
  "patience": 130,
  "min_delta": 1e-06,
  "seed": 0,
  "float64": true,
  "gamma_min": 0.0,
  "gamma_max": 25.0,
  "diameter": 80.0,
  "dtype": "float64",
  "elapsed_time": 49.416651487350464,
  "init_mode": "lhs"
}