{
  "best_power_MW": 75.19644100645287,
  "baseline_power_MW": 63.49215960721868,
  "power_increase_pct": 18.434215297826288,
  "final_loss": -1.184342152978263,
  "N_turbines": 80,
  "timestamp": "2026-03-18 11:57:33",
  "optimizer": "slsqp-jax",
  "restarts": 1,
  "maxiter": 130,
  "patience": 130,
  "min_delta": 1e-06,
  "seed": 0,
  "float64": true,
  "gamma_min": 0.0,
  "gamma_max": 25.0,
  "diameter": 80.0,
  "dtype": "float64",
  "elapsed_time": 78.81109070777893,
  "init_mode": "lhs",
  "y0": 15.0
}