{
  "best_power_MW": 40.85900307027645,
  "baseline_power_MW": 38.922094635656585,
  "power_increase_pct": 4.976372553304111,
  "final_loss": -40.85900307027645,
  "N_turbines": 40,
  "timestamp": "2026-03-04 14:42:26",
  "optimizer": "slsqp-jax",
  "restarts": 3,
  "maxiter": 200,
  "patience": 200,
  "min_delta": 1e-06,
  "seed": 0,
  "float64": true,
  "gamma_min": 0.0,
  "gamma_max": 25.0,
  "diameter": 80.0,
  "dtype": "float64",
  "elapsed_time": 20.543804168701172,
  "init_mode": "lhs"
}