{
  "best_power_MW": 40.859002867382316,
  "baseline_power_MW": 38.922094635656585,
  "power_increase_pct": 4.976372032021438,
  "final_loss": -1.0497637203202144,
  "N_turbines": 40,
  "timestamp": "2026-03-06 09:30:56",
  "optimizer": "slsqp-jax",
  "restarts": 3,
  "maxiter": 200,
  "patience": 200,
  "min_delta": 1e-06,
  "seed": 0,
  "float64": true,
  "gamma_min": 0.0,
  "gamma_max": 25.0,
  "diameter": 80.0,
  "dtype": "float64",
  "elapsed_time": 44.33771562576294,
  "init_mode": "lhs"
}