{
  "best_power_MW": 3.944251537322998,
  "final_loss": -3.944251537322998,
  "final_sep_penalty": 2.383474349975586,
  "N_turbines": 2,
  "timestamp": "2026-02-25 18:26:35",
  "optimizer": "slsqp-jax",
  "restarts": 1,
  "maxiter": 100,
  "patience": 10,
  "min_delta": 0.0001,
  "seed": 0,
  "float64": false,
  "penalty_weight": 100.0,
  "gamma_min": 0.0,
  "gamma_max": 25.0,
  "diameter": 80.0,
  "dtype": "float32",
  "elapsed_time": 16.380138874053955,
  "init_mode": "lhs"
}