{
  "best_power_MW": 5.167238543346839,
  "final_loss": -5.167238543346839,
  "final_sep_penalty": 3.5401741410891994,
  "N_turbines": 3,
  "timestamp": "2026-02-19 00:53:33",
  "optimizer": "optax.lbfgs+sw_zoom",
  "restarts": 50,
  "maxiter": 200,
  "patience": 10,
  "min_delta": 1e-07,
  "seed": 0,
  "float64": true,
  "penalty_weight": 100.0,
  "gamma_min": 0.0,
  "gamma_max": 25.0,
  "diameter": 80.0,
  "dtype": "float64",
  "elapsed_time": 11.703638076782227,
  "init_mode": "lhs"
}