{
  "best_power_MW": 52.67675042304347,
  "N_turbines": 50,
  "timestamp": "2026-03-06 12:48:24",
  "optimizer": "serial-refine-jax",
  "baseline_power_MW": 51.210373931052125,
  "power_increase_pct": 2.8634364083449695,
  "Nyaw": 5,
  "Nyaw_refine": 4,
  "float64": true,
  "gamma_min": 0.0,
  "gamma_max": 25.0,
  "dtype": "float64",
  "elapsed_time": 2.9452710151672363
}