{
  "best_power_MW": 60.447798581517134,
  "baseline_power_MW": 59.17746826006574,
  "power_increase_pct": 2.146645266858507,
  "final_loss": -1.021466452668585,
  "N_turbines": 60,
  "timestamp": "2026-03-06 15:20:27",
  "optimizer": "bayes-jax",
  "maxiter": 200,
  "patience": 200,
  "min_delta": 1e-06,
  "seed": 0,
  "acq": "LCB",
  "num_init_evals": 180,
  "float64": true,
  "gamma_min": 0.0,
  "gamma_max": 25.0,
  "diameter": 80.0,
  "dtype": "float64",
  "elapsed_time": 920.0033340454102,
  "lcb_kappa": 2.576,
  "ucb_kappa": 0.01
}