{
  "best_power_MW": 21.42526843570551,
  "baseline_power_MW": 21.42526843570551,
  "power_increase_pct": 0.0,
  "final_loss": -21.42526843570551,
  "N_turbines": 20,
  "timestamp": "2026-03-04 14:41:52",
  "optimizer": "slsqp-jax",
  "restarts": 3,
  "maxiter": 200,
  "patience": 200,
  "min_delta": 1e-06,
  "seed": 0,
  "float64": true,
  "gamma_min": 0.0,
  "gamma_max": 25.0,
  "diameter": 80.0,
  "dtype": "float64",
  "elapsed_time": 9.36717176437378,
  "init_mode": "lhs"
}