{
  "best_power_MW": 69.37578442367769,
  "baseline_power_MW": 68.56518836616767,
  "power_increase_pct": 1.1822268367164381,
  "final_loss": -69.37578442367769,
  "N_turbines": 70,
  "timestamp": "2026-03-04 15:42:05",
  "optimizer": "bayes-jax",
  "maxiter": 200,
  "patience": 200,
  "min_delta": 1e-06,
  "seed": 0,
  "acq": "LCB",
  "num_init_evals": 210,
  "float64": true,
  "gamma_min": 0.0,
  "gamma_max": 25.0,
  "diameter": 80.0,
  "dtype": "float64",
  "elapsed_time": 856.0034878253937,
  "lcb_kappa": 2.576,
  "ucb_kappa": 0.01
}