{
  "best_power_MW": 75.64229188264223,
  "baseline_power_MW": 63.492160278290314,
  "power_increase_pct": 19.13642810560719,
  "final_loss": -75.64229188264223,
  "N_turbines": 80,
  "timestamp": "2026-03-03 11:46:17",
  "optimizer": "slsqp-jax",
  "restarts": 3,
  "maxiter": 200,
  "patience": 200,
  "min_delta": 1e-06,
  "seed": 0,
  "float64": true,
  "gamma_min": 0.0,
  "gamma_max": 25.0,
  "diameter": 80.0,
  "dtype": "float64",
  "elapsed_time": 137.43265867233276,
  "init_mode": "lhs"
}