{
  "best_power_MW": 134.77808697571646,
  "N_turbines": 130,
  "timestamp": "2026-03-06 12:50:02",
  "optimizer": "serial-refine-jax",
  "baseline_power_MW": 129.12320557239562,
  "power_increase_pct": 4.379446264715226,
  "Nyaw": 5,
  "Nyaw_refine": 4,
  "float64": true,
  "gamma_min": 0.0,
  "gamma_max": 25.0,
  "dtype": "float64",
  "elapsed_time": 19.54450035095215
}