{
  "best_power_MW": 75.75867621839554,
  "N_turbines": 80,
  "timestamp": "2026-03-03 14:35:34",
  "optimizer": "serial-refine-jax",
  "baseline_power_MW": 63.492160278290314,
  "power_increase_pct": 19.31973315499154,
  "Nyaw": 25,
  "Nyaw_refine": 24,
  "float64": true,
  "gamma_min": 0.0,
  "gamma_max": 25.0,
  "dtype": "float64",
  "elapsed_time": 12.366954803466797,
  "num_turbines": 80
}