{
  "best_power_MW": 16.90458254360618,
  "final_loss": -16.90458254360618,
  "final_sep_penalty": 10.690461601538468,
  "N_turbines": 9,
  "timestamp": "2026-02-23 17:21:06",
  "optimizer": "slsqp-jax",
  "restarts": 3,
  "maxiter": 20,
  "patience": 10,
  "min_delta": 1e-06,
  "seed": 0,
  "float64": true,
  "penalty_weight": 100.0,
  "gamma_min": 0.0,
  "gamma_max": 25.0,
  "diameter": 80.0,
  "dtype": "float64",
  "elapsed_time": 7.350990056991577,
  "init_mode": "lhs"
}