{
  "best_power_MW": 21.45928300260328,
  "baseline_power_MW": 21.42526843570551,
  "power_increase_pct": 0.15875911660029046,
  "final_loss": -1.0015875911660028,
  "N_turbines": 20,
  "timestamp": "2026-03-06 14:37:25",
  "optimizer": "bayes-jax",
  "maxiter": 200,
  "patience": 200,
  "min_delta": 1e-06,
  "seed": 0,
  "acq": "LCB",
  "num_init_evals": 60,
  "float64": true,
  "gamma_min": 0.0,
  "gamma_max": 25.0,
  "diameter": 80.0,
  "dtype": "float64",
  "elapsed_time": 124.9136688709259,
  "lcb_kappa": 2.576,
  "ucb_kappa": 0.01
}