{
  "best_power_MW": 52.41418653945798,
  "baseline_power_MW": 51.210373931052125,
  "power_increase_pct": 2.350720207641183,
  "final_loss": -52.41418653945798,
  "N_turbines": 50,
  "timestamp": "2026-03-04 14:42:46",
  "optimizer": "slsqp-jax",
  "restarts": 3,
  "maxiter": 200,
  "patience": 200,
  "min_delta": 1e-06,
  "seed": 0,
  "float64": true,
  "gamma_min": 0.0,
  "gamma_max": 25.0,
  "diameter": 80.0,
  "dtype": "float64",
  "elapsed_time": 18.5909583568573,
  "init_mode": "lhs"
}