{
  "best_power_MW": 52.41427901756001,
  "baseline_power_MW": 51.210373931052125,
  "power_increase_pct": 2.3509007923448944,
  "final_loss": -1.023509007923449,
  "N_turbines": 50,
  "timestamp": "2026-03-06 09:31:21",
  "optimizer": "slsqp-jax",
  "restarts": 3,
  "maxiter": 200,
  "patience": 200,
  "min_delta": 1e-06,
  "seed": 0,
  "float64": true,
  "gamma_min": 0.0,
  "gamma_max": 25.0,
  "diameter": 80.0,
  "dtype": "float64",
  "elapsed_time": 21.649089813232422,
  "init_mode": "lhs"
}