{
  "best_power_MW": 5.314597940574357,
  "final_loss": -5.314597940574357,
  "final_sep_penalty": 3.575220051716843,
  "N_turbines": 3,
  "timestamp": "2026-02-19 01:00:43",
  "optimizer": "optax.lbfgs+sw_zoom",
  "restarts": 300,
  "maxiter": 200,
  "patience": 200,
  "min_delta": 1e-10,
  "seed": 0,
  "float64": true,
  "penalty_weight": 100.0,
  "gamma_min": 0.0,
  "gamma_max": 25.0,
  "diameter": 80.0,
  "dtype": "float64",
  "elapsed_time": 100.04334020614624,
  "init_mode": "lhs"
}