{
  "best_power_MW": 21.556905145363572,
  "baseline_power_MW": 21.42526843570551,
  "power_increase_pct": 0.614399348381961,
  "final_loss": -21.556905145363572,
  "N_turbines": 20,
  "timestamp": "2026-03-04 14:52:19",
  "optimizer": "bayes-jax",
  "maxiter": 200,
  "patience": 200,
  "min_delta": 1e-06,
  "seed": 0,
  "acq": "LCB",
  "num_init_evals": 60,
  "float64": true,
  "gamma_min": 0.0,
  "gamma_max": 25.0,
  "diameter": 80.0,
  "dtype": "float64",
  "elapsed_time": 142.75354385375977,
  "lcb_kappa": 2.576,
  "ucb_kappa": 0.01
}