{
  "best_power_MW": 69.3757844236777,
  "baseline_power_MW": 68.56518836616767,
  "power_increase_pct": 1.1822268367164588,
  "final_loss": -1.0118222683671645,
  "N_turbines": 70,
  "timestamp": "2026-03-06 15:36:25",
  "optimizer": "bayes-jax",
  "maxiter": 200,
  "patience": 200,
  "min_delta": 1e-06,
  "seed": 0,
  "acq": "LCB",
  "num_init_evals": 210,
  "float64": true,
  "gamma_min": 0.0,
  "gamma_max": 25.0,
  "diameter": 80.0,
  "dtype": "float64",
  "elapsed_time": 944.8854038715363,
  "lcb_kappa": 2.576,
  "ucb_kappa": 0.01
}