{
  "best_power_MW": 75.94322351440499,
  "baseline_power_MW": 63.49215960721868,
  "power_increase_pct": 19.610395967332472,
  "final_loss": -1.1961039596733247,
  "N_turbines": 80,
  "timestamp": "2026-03-18 12:01:13",
  "optimizer": "slsqp-jax",
  "restarts": 1,
  "maxiter": 130,
  "patience": 130,
  "min_delta": 1e-06,
  "seed": 0,
  "float64": true,
  "gamma_min": 0.0,
  "gamma_max": 25.0,
  "diameter": 80.0,
  "dtype": "float64",
  "elapsed_time": 24.098860025405884,
  "init_mode": "lhs",
  "y0": 25.0
}