{
  "best_power_MW": 72.6449608882621,
  "baseline_power_MW": 63.49215960721868,
  "power_increase_pct": 14.415640195049853,
  "final_loss": -1.1441564019504986,
  "N_turbines": 80,
  "timestamp": "2026-03-18 11:55:11",
  "optimizer": "slsqp-jax",
  "restarts": 1,
  "maxiter": 130,
  "patience": 130,
  "min_delta": 1e-06,
  "seed": 0,
  "float64": true,
  "gamma_min": 0.0,
  "gamma_max": 25.0,
  "diameter": 80.0,
  "dtype": "float64",
  "elapsed_time": 45.66084408760071,
  "init_mode": "lhs",
  "y0": 5.0
}