{
  "best_power_MW": 5.3447476140835475,
  "final_loss": -5.3447476140835475,
  "N_turbines": 3,
  "timestamp": "2026-03-02 16:01:55",
  "optimizer": "bayes-jax",
  "maxiter": 200,
  "patience": 10,
  "min_delta": 0.0001,
  "seed": 0,
  "float64": true,
  "gamma_min": 0.0,
  "gamma_max": 25.0,
  "diameter": 80.0,
  "dtype": "float64",
  "elapsed_time": 8.703223466873169
}