{
  "best_power_MW": 5.348593098631607,
  "final_loss": -5.348593098631607,
  "final_sep_penalty": 3.5764199850465515,
  "N_turbines": 3,
  "timestamp": "2026-02-22 15:41:30",
  "optimizer": "slsqp-jax",
  "restarts": 1,
  "maxiter": 300,
  "patience": 10,
  "min_delta": 1e-07,
  "seed": 0,
  "float64": true,
  "penalty_weight": 100.0,
  "gamma_min": 0.0,
  "gamma_max": 25.0,
  "diameter": 80.0,
  "dtype": "float64",
  "elapsed_time": 7.0841615200042725,
  "init_mode": "lhs"
}