{
  "best_power_MW": 73.41697349246225,
  "baseline_power_MW": 63.492160278290314,
  "power_increase_pct": 15.631556983839934,
  "final_loss": -1.1563155698383993,
  "N_turbines": 80,
  "timestamp": "2026-03-09 17:58:19",
  "optimizer": "bayes-jax",
  "maxiter": 200,
  "patience": 200,
  "min_delta": 1e-06,
  "seed": 0,
  "acq": "LCB",
  "num_init_evals": 240,
  "float64": true,
  "gamma_min": 0.0,
  "gamma_max": 25.0,
  "diameter": 80.0,
  "dtype": "float64",
  "elapsed_time": 1236.865765094757,
  "lcb_kappa": 2.576,
  "ucb_kappa": 0.01
}