{
  "best_power_MW": 5.167232189426427,
  "final_loss": -5.167232189426427,
  "final_sep_penalty": 3.540174077541897,
  "N_turbines": 3,
  "timestamp": "2026-02-19 11:06:55",
  "optimizer": "optax.lbfgs+sw_zoom",
  "restarts": 2,
  "maxiter": 100,
  "patience": 20,
  "min_delta": 1e-07,
  "seed": 0,
  "float64": true,
  "penalty_weight": 100.0,
  "gamma_min": 0.0,
  "gamma_max": 25.0,
  "diameter": 80.0,
  "dtype": "float64",
  "elapsed_time": 15.147152662277222,
  "init_mode": "lhs"
}