{
  "best_power_MW": 253.0615876662977,
  "N_turbines": 250,
  "timestamp": "2026-03-06 13:00:19",
  "optimizer": "serial-refine-jax",
  "baseline_power_MW": 239.90060650780782,
  "power_increase_pct": 5.486014124796111,
  "Nyaw": 5,
  "Nyaw_refine": 4,
  "float64": true,
  "gamma_min": 0.0,
  "gamma_max": 25.0,
  "dtype": "float64",
  "elapsed_time": 93.0201621055603
}