{
  "best_power_MW": 143.18414417989402,
  "N_turbines": 140,
  "timestamp": "2026-03-06 12:50:27",
  "optimizer": "serial-refine-jax",
  "baseline_power_MW": 136.43580062132278,
  "power_increase_pct": 4.946167741780068,
  "Nyaw": 5,
  "Nyaw_refine": 4,
  "float64": true,
  "gamma_min": 0.0,
  "gamma_max": 25.0,
  "dtype": "float64",
  "elapsed_time": 22.722575426101685
}