{
  "best_power_MW": 281.0283210517496,
  "N_turbines": 280,
  "timestamp": "2026-03-06 13:05:54",
  "optimizer": "serial-refine-jax",
  "baseline_power_MW": 265.7941705375855,
  "power_increase_pct": 5.7315593052142715,
  "Nyaw": 5,
  "Nyaw_refine": 4,
  "float64": true,
  "gamma_min": 0.0,
  "gamma_max": 25.0,
  "dtype": "float64",
  "elapsed_time": 120.45759534835815
}